Бегущий человек	И у машин есть душа. Хорошо ли это? Мистический рассказ про автомобиль.	2025-03-21T08:41:36.113Z	institute-book.jpg	Buy	1449	Журналы;Посуда	Иван	Иванов	president@dka.local	roland.jpg
Куджо	Прими звонок и превратись в зомби. Рассказ о зомбировании через средства связи.	2025-03-20T08:41:36.115Z	draft.jpg	Buy	1127	Журналы;Посуда	Пьер	Безухов	author@mir.local	photo.jpg
Жребий Салема	Криминальная сага от неповторимого Марио Пьюзо. Перестрелки, погони, предательство и дружба.	2025-03-22T08:41:36.115Z	dark-tower.jpg	Buy	656	Журналы;Посуда;Разное;Диски	Пьер	Безухов	freedom@pisem.local	roland.jpg
Крёстный Отец	Прими звонок и превратись в зомби. Рассказ о зомбировании через средства связи.	2025-03-23T08:41:36.115Z	institute-book.jpg	Buy	1551	Диски	Иван	Иванов	snow@pisem.local	awesome-avatar.jpg
Жребий Салема	Страшный рассказ о драконе. Колдовство, предательство и необыкновенный мир фэнтези.	2025-03-20T08:41:36.115Z	dark-tower.jpg	Buy	915	Разное;Диски	Рокки	Бальбоа	kujo-fan@story.local	photo.jpg
Гвенди и её волшебная шкатулка	Идти или остановиться? Вопрос без правильного ответа. Рассказ о долгой и смертельной прогулке.	2025-03-24T08:41:36.115Z	magic.jpg	Sell	545	Журналы;Посуда;Разное;Диски	Холи	Гибни	test@pisem.local	roland.jpg
Кристина	Идти или остановиться? Вопрос без правильного ответа. Рассказ о долгой и смертельной прогулке.	2025-03-18T08:41:36.115Z	dark-tower.jpg	Sell	1657	Посуда;Разное;Диски	Джон	Смит	test@pisem.local	photo.jpg
Тёмная башня	Виновен или нет? Какая разница. Исход один. Сверхспособности не помогут.	2025-03-19T08:41:36.115Z	dark-tower.jpg	Sell	742	Журналы	Джон	Смит	author@mir.local	awesome-avatar.jpg
Кристина	Как похудеть и не сойти с ума? А как вернуть вес обратно? Необычная история противостояния.	2025-03-18T08:41:36.115Z	dark-tower.jpg	Buy	934	Диски	Борис	Гесер	test@pisem.local	user.jpg
Куджо	И у машин есть душа. Хорошо ли это? Мистический рассказ про автомобиль.	2025-03-19T08:41:36.115Z	shining.jpg	Sell	753	Посуда;Разное;Диски	Холи	Гибни	test@lost.loca	coffee.jpg
Черновик	Идти или остановиться? Вопрос без правильного ответа. Рассказ о долгой и смертельной прогулке.	2025-03-20T08:41:36.116Z	shining.jpg	Buy	809	Журналы;Посуда;Разное;Диски	Пьер	Безухов	kujo-fan@story.local	photo.jpg
Зелёная миля	И у машин есть душа. Хорошо ли это? Мистический рассказ про автомобиль.	2025-03-21T08:41:36.116Z	dark-tower.jpg	Buy	812	Посуда;Разное;Диски	Борис	Гесер	test@pisem.local	photo.jpg
Долгая прогулка	История про вампиров из маленького городка. Коварство, нестандартный сюжет и необыкновенные приключения священника.	2025-03-18T08:41:36.116Z	dark-tower.jpg	Sell	1523	Книги;Журналы	Роланд	Дискейн	president@dka.local	roland.jpg
Глаза дракона	Виновен или нет? Какая разница. Исход один. Сверхспособности не помогут.	2025-03-23T08:41:36.116Z	magic.jpg	Sell	1757	Диски	Борис	Гесер	test@pisem.local	photo.jpg
Жребий Салема	История про вампиров из маленького городка. Коварство, нестандартный сюжет и необыкновенные приключения священника.	2025-03-23T08:41:36.116Z	institute-book.jpg	Buy	1765	Журналы;Посуда;Разное	Антон	Городецкий	fish@big.local	smite.jpg
Черновик	И у машин есть душа. Хорошо ли это? Мистический рассказ про автомобиль.	2025-03-21T08:41:36.116Z	book.jpg	Sell	1705	Журналы;Посуда	Антон	Городецкий	fish@big.local	roland.jpg
Глаза дракона	Криминальная сага от неповторимого Марио Пьюзо. Перестрелки, погони, предательство и дружба.	2025-03-20T08:41:36.116Z	dark-tower.jpg	Sell	1888	Книги;Журналы;Посуда	Борис	Гесер	snow@pisem.local	smite.jpg
Тёмная башня	Как похудеть и не сойти с ума? А как вернуть вес обратно? Необычная история противостояния.	2025-03-22T08:41:36.116Z	shining.jpg	Sell	703	Диски	Джон	Смит	test@pisem.local	awesome-avatar.jpg
Кристина	История про вампиров из маленького городка. Коварство, нестандартный сюжет и необыкновенные приключения священника.	2025-03-23T08:41:36.116Z	book.jpg	Sell	1395	Разное;Диски	Иван	Иванов	snow@pisem.local	coffee.jpg
Глаза дракона	Страшный рассказ о драконе. Колдовство, предательство и необыкновенный мир фэнтези.	2025-03-24T08:41:36.116Z	draft.jpg	Buy	1454	Журналы;Посуда	Холи	Гибни	freedom@pisem.local	photo.jpg
Зелёная миля	Криминальная сага от неповторимого Марио Пьюзо. Перестрелки, погони, предательство и дружба.	2025-03-22T08:41:36.116Z	shining.jpg	Sell	1626	Диски	Олег	Сидоров	freedom@pisem.local	photo.jpg
Извлечение троих	И у машин есть душа. Хорошо ли это? Мистический рассказ про автомобиль.	2025-03-20T08:41:36.116Z	shining.jpg	Buy	1504	Разное;Диски	Рокки	Бальбоа	test@lost.loca	roland.jpg
Ночной Дозор	История про вампиров из маленького городка. Коварство, нестандартный сюжет и необыкновенные приключения священника.	2025-03-20T08:41:36.116Z	dark-tower.jpg	Sell	1675	Книги;Журналы;Посуда	Рокки	Бальбоа	rolan@pochta.local	awesome-avatar.jpg
Зелёная миля	Криминальная сага от неповторимого Марио Пьюзо. Перестрелки, погони, предательство и дружба.	2025-03-19T08:41:36.116Z	dark-tower.jpg	Sell	1283	Журналы;Посуда;Разное;Диски	Джек	Торренс	test@pisem.local	smite.jpg
Жребий Салема	Криминальная сага от неповторимого Марио Пьюзо. Перестрелки, погони, предательство и дружба.	2025-03-21T08:41:36.116Z	institute-book.jpg	Sell	1268	Диски	Иван	Иванов	rolan@pochta.local	smite.jpg
Кристина	Виновен или нет? Какая разница. Исход один. Сверхспособности не помогут.	2025-03-23T08:41:36.116Z	draft.jpg	Buy	781	Диски	Борис	Гесер	fish@big.local	smite.jpg
Жребий Салема	История про вампиров из маленького городка. Коварство, нестандартный сюжет и необыкновенные приключения священника.	2025-03-23T08:41:36.116Z	institute-book.jpg	Sell	1661	Посуда;Разное	Рокки	Бальбоа	test@pisem.local	smite.jpg
Крёстный Отец	Прими звонок и превратись в зомби. Рассказ о зомбировании через средства связи.	2025-03-23T08:41:36.116Z	shining.jpg	Sell	1607	Разное;Диски	Роланд	Дискейн	rolan@pochta.local	smite.jpg
Кристина	И у машин есть душа. Хорошо ли это? Мистический рассказ про автомобиль.	2025-03-19T08:41:36.116Z	institute-book.jpg	Buy	1740	Журналы	Олег	Сидоров	test@lost.loca	photo.jpg
Черновик	Прими звонок и превратись в зомби. Рассказ о зомбировании через средства связи.	2025-03-19T08:41:36.116Z	draft.jpg	Buy	1125	Книги;Журналы;Посуда;Разное	Джон	Смит	test@pisem.local	roland.jpg
Гвенди и её волшебная шкатулка	Идти или остановиться? Вопрос без правильного ответа. Рассказ о долгой и смертельной прогулке.	2025-03-20T08:41:36.116Z	institute-book.jpg	Buy	548	Журналы;Посуда;Разное;Диски	Пьер	Безухов	president@dka.local	user.jpg
Извлечение троих	История про вампиров из маленького городка. Коварство, нестандартный сюжет и необыкновенные приключения священника.	2025-03-19T08:41:36.116Z	draft.jpg	Buy	871	Журналы;Посуда;Разное;Диски	Рокки	Бальбоа	author@mir.local	coffee.jpg
Зелёная миля	Виновен или нет? Какая разница. Исход один. Сверхспособности не помогут.	2025-03-19T08:41:36.116Z	institute-book.jpg	Sell	1713	Посуда;Разное;Диски	Иван	Иванов	test@lost.loca	user.jpg
Зелёная миля	Прими звонок и превратись в зомби. Рассказ о зомбировании через средства связи.	2025-03-21T08:41:36.116Z	dark-tower.jpg	Buy	1541	Журналы;Посуда;Разное	Холи	Гибни	rolan@pochta.local	awesome-avatar.jpg
Мобильник	Идти или остановиться? Вопрос без правильного ответа. Рассказ о долгой и смертельной прогулке.	2025-03-24T08:41:36.116Z	draft.jpg	Sell	1304	Посуда;Разное;Диски	Рокки	Бальбоа	rolan@pochta.local	photo.jpg
История Лизи	И у машин есть душа. Хорошо ли это? Мистический рассказ про автомобиль.	2025-03-21T08:41:36.116Z	magic.jpg	Buy	1259	Журналы;Посуда	Пьер	Безухов	freedom@pisem.local	roland.jpg
Глаза дракона	История про вампиров из маленького городка. Коварство, нестандартный сюжет и необыкновенные приключения священника.	2025-03-20T08:41:36.116Z	shining.jpg	Sell	1782	Журналы;Посуда;Разное	Рокки	Бальбоа	president@dka.local	roland.jpg
Крёстный Отец	Виновен или нет? Какая разница. Исход один. Сверхспособности не помогут.	2025-03-21T08:41:36.116Z	magic.jpg	Sell	648	Посуда;Разное;Диски	Роланд	Дискейн	rolan@pochta.local	smite.jpg
Ночной Дозор	Страшный рассказ о драконе. Колдовство, предательство и необыкновенный мир фэнтези.	2025-03-21T08:41:36.116Z	book.jpg	Sell	879	Диски	Холи	Гибни	rolan@pochta.local	photo.jpg
Мобильник	Идти или остановиться? Вопрос без правильного ответа. Рассказ о долгой и смертельной прогулке.	2025-03-19T08:41:36.116Z	dark-tower.jpg	Buy	1925	Журналы;Посуда;Разное;Диски	Холи	Гибни	author@mir.local	roland.jpg
Жребий Салема	Идти или остановиться? Вопрос без правильного ответа. Рассказ о долгой и смертельной прогулке.	2025-03-20T08:41:36.116Z	institute-book.jpg	Sell	1671	Журналы;Посуда	Иван	Иванов	president@dka.local	roland.jpg
Мобильник	Криминальная сага от неповторимого Марио Пьюзо. Перестрелки, погони, предательство и дружба.	2025-03-18T08:41:36.116Z	institute-book.jpg	Buy	1129	Диски	Джон	Смит	president@dka.local	photo.jpg
Стрелок	Как похудеть и не сойти с ума? А как вернуть вес обратно? Необычная история противостояния.	2025-03-18T08:41:36.116Z	institute-book.jpg	Buy	1155	Посуда;Разное;Диски	Джек	Торренс	test@pisem.local	user.jpg
Стрелок	История про вампиров из маленького городка. Коварство, нестандартный сюжет и необыкновенные приключения священника.	2025-03-21T08:41:36.116Z	draft.jpg	Sell	791	Посуда;Разное	Роланд	Дискейн	snow@pisem.local	smite.jpg
Гвенди и её волшебная шкатулка	Идти или остановиться? Вопрос без правильного ответа. Рассказ о долгой и смертельной прогулке.	2025-03-21T08:41:36.116Z	magic.jpg	Sell	659	Посуда;Разное;Диски	Иван	Иванов	test@lost.loca	roland.jpg
Атлант расправил плечи	История про вампиров из маленького городка. Коварство, нестандартный сюжет и необыкновенные приключения священника.	2025-03-22T08:41:36.116Z	institute-book.jpg	Buy	1318	Книги;Журналы	Джек	Торренс	test@lost.loca	photo.jpg
Институт	Как похудеть и не сойти с ума? А как вернуть вес обратно? Необычная история противостояния.	2025-03-22T08:41:36.116Z	book.jpg	Sell	1421	Диски	Джек	Торренс	author@mir.local	photo.jpg
Мобильник	И у машин есть душа. Хорошо ли это? Мистический рассказ про автомобиль.	2025-03-22T08:41:36.116Z	institute-book.jpg	Sell	529	Разное;Диски	Антон	Городецкий	president@dka.local	photo.jpg
Гвенди и её волшебная шкатулка	Идти или остановиться? Вопрос без правильного ответа. Рассказ о долгой и смертельной прогулке.	2025-03-20T08:41:36.116Z	shining.jpg	Buy	1254	Разное;Диски	Роланд	Дискейн	test@lost.loca	photo.jpg
Куджо	Криминальная сага от неповторимого Марио Пьюзо. Перестрелки, погони, предательство и дружба.	2025-03-24T08:41:36.116Z	dark-tower.jpg	Buy	1759	Посуда;Разное;Диски	Антон	Городецкий	author@mir.local	roland.jpg
